{"1": [0.01084136962890625, 0.011219501495361328, 0.013011455535888672, 0.013443470001220703, 0.020302772521972656, 0.016107797622680664, 0.017349720001220703, 0.023173809051513672, 0.02229452133178711, 0.028138160705566406, 0.024546146392822266, 0.025252342224121094, 0.02276754379272461, 0.022418737411499023, 0.022222518920898438, 0.022136449813842773, 0.0193023681640625, 0.01766824722290039, 0.02248215675354004, 0.022876977920532227, 0.017663955688476562, 0.018795013427734375, 0.0177459716796875, 0.01572704315185547, 0.01242828369140625, 0.010653018951416016, 0.014100790023803711, 0.00678563117980957, 0.004137992858886719, 0.004641056060791016, 0.007669687271118164, 0.011464118957519531, 0.012464761734008789, 0.025051593780517578, 0.020452260971069336, 0.021254539489746094, 0.016973257064819336, 0.020911693572998047, 0.01632857322692871, 0.021489620208740234, 0.027865886688232422, 0.029134035110473633, 0.031549930572509766, 0.027986526489257812, 0.025915145874023438, 0.02574634552001953, 0.025477886199951172, 0.020509958267211914, 0.028506040573120117, 0.017703771591186523, 0.022840499877929688, 0.0228273868560791, 0.014009475708007812, 0.012159347534179688, 0.014419078826904297, 0.011732101440429688, 0.010165214538574219, 0.007849931716918945, 0.008206367492675781, 0.003100872039794922, 0.0020055770874023438], "2": [0.02693939208984375, 0.04482436180114746, 0.0782463550567627, 0.09236454963684082, 0.08278632164001465, 0.16851377487182617, 0.19263076782226562, 0.15400099754333496, 0.36109018325805664, 0.20007634162902832, 0.05122995376586914, 0.07764887809753418, 0.09712028503417969, 0.1778883934020996, 0.22389912605285645, 0.21192455291748047, 0.13164448738098145, 0.17516803741455078, 0.12143135070800781, 0.18001842498779297, 0.13337063789367676, 0.14194846153259277, 0.09873056411743164, 0.09372377395629883, 0.07591891288757324, 0.05239582061767578, 0.018984317779541016, 0.02976226806640625, 0.012458562850952148, 0.003147602081298828, 0.02857351303100586, 0.04575037956237793, 0.049294233322143555, 0.08720874786376953, 0.07623291015625, 0.12148833274841309, 0.11566400527954102, 0.13593220710754395, 0.14229440689086914, 0.21900057792663574, 0.12680530548095703, 0.16742205619812012, 0.20564770698547363, 0.26545023918151855, 0.21117830276489258, 0.1527557373046875, 0.11732935905456543, 0.07395720481872559, 0.04759645462036133, 0.06349635124206543, 0.07937026023864746, 0.08641314506530762, 0.05722928047180176, 0.04177713394165039, 0.06392335891723633, 0.032625436782836914, 0.02744436264038086, 0.030100345611572266, 0.018761396408081055, 0.004307270050048828], "3": [0.09479308128356934, 0.1936051845550537, 0.32892918586730957, 0.4379589557647705, 0.7471365928649902, 0.7792747020721436, 0.615541934967041, 0.612339973449707, 0.32698488235473633, 0.6039490699768066, 0.46634745597839355, 0.44274377822875977, 0.3301506042480469, 0.4083414077758789, 0.7241792678833008, 1.2150378227233887, 0.49015283584594727, 0.6629736423492432, 0.6199119091033936, 0.8993160724639893, 0.8039329051971436, 0.3017120361328125, 0.3673591613769531, 0.08227872848510742, 0.08218240737915039, 0.04447054862976074, 0.03313469886779785, 0.05270648002624512, 0.02230238914489746, 0.011193513870239258, 0.09987974166870117, 0.1408681869506836, 0.22427964210510254, 0.41336512565612793, 0.4754598140716553, 0.3566312789916992, 0.34243249893188477, 0.3518342971801758, 0.1662445068359375, 0.35494542121887207, 0.8982112407684326, 1.112215280532837, 2.3945865631103516, 1.0968332290649414, 2.4820308685302734, 0.8714468479156494, 1.5647096633911133, 1.5062198638916016, 1.167311429977417, 0.9127156734466553, 0.6949732303619385, 0.6757094860076904, 0.5366325378417969, 0.48352527618408203, 0.3280165195465088, 0.17629480361938477, 0.21400690078735352, 0.09225034713745117, 0.031012535095214844, 0.004157304763793945], "4": [0.33483386039733887, 0.7460184097290039, 0.678131103515625, 2.019747734069824, 1.5584168434143066, 2.323737382888794, 4.127006530761719, 3.189969539642334, 1.0579156875610352, 1.3796217441558838, 1.9750993251800537, 5.526582956314087, 12.339508056640625, 11.340251684188843, 7.208953142166138, 12.943049907684326, 1.7147493362426758, 4.332444190979004, 7.530671119689941, 6.106155157089233, 4.38422966003418, 3.1078436374664307, 2.3445239067077637, 1.6013906002044678, 1.2345678806304932, 0.19994211196899414, 0.1828908920288086, 0.08115386962890625, 0.016451597213745117, 0.003983736038208008, 0.3115103244781494, 0.5753395557403564, 0.9860842227935791, 0.6860013008117676, 1.2650976181030273, 0.48545360565185547, 3.215977191925049, 2.2093007564544678, 2.85231351852417, 5.898864507675171, 10.579718112945557, 7.957232236862183, 11.379820823669434, 20.05042004585266, 8.618823528289795, 14.578474760055542, 19.986133813858032, 4.018657922744751, 8.445891857147217, 8.830541372299194, 2.287853479385376, 3.465305805206299, 3.0454447269439697, 2.834606409072876, 1.798813819885254, 0.5974628925323486, 0.6802985668182373, 0.2657935619354248, 0.09866571426391602, 0.07640504837036133, 0.019441843032836914, 0.0026450157165527344], "5": [2.1851420402526855, 7.538125276565552, 16.90538716316223, 17.05155038833618, 20.381850242614746, 19.492391109466553, 4.885331630706787, 14.003756761550903, 22.65600609779358, 24.34586501121521, 19.193915367126465, 24.981861352920532, 44.002915143966675, 34.830121994018555, 26.69509530067444, 24.878276348114014, 18.114235639572144, 27.11393690109253, 25.075112104415894, 13.909793853759766, 12.236945867538452, 11.386815071105957, 6.7015392780303955, 3.9148409366607666, 4.256114721298218, 1.626641035079956, 1.097264289855957, 0.43861842155456543, 0.032198429107666016, 0.002986907958984375, 1.241523027420044, 2.5922069549560547, 1.7125473022460938, 4.500518560409546, 12.67597508430481, 10.619462013244629, 9.189956188201904, 10.437085151672363, 26.170546531677246, 22.264445543289185, 24.406615734100342, 34.81422424316406, 23.005713939666748, 41.19302821159363, 84.01582360267639, 32.15350818634033, 52.01652216911316, 46.61979389190674, 36.19998598098755, 15.644113302230835, 11.05331826210022, 7.624529600143433, 18.28267741203308, 12.905395746231079, 10.701612710952759, 7.601803541183472, 2.152606964111328, 0.6019809246063232, 0.0702509880065918, 0.0020530223846435547, 0.003941774368286133]}